{"branches": 14.404720583130857, "coverage": 20.05528357811303}