{"branches": 17.835773392743477, "coverage": 29.261957505226043}