{"branches": 17.776891370828345, "coverage": 29.229962063120514}