{"branches": 17.481371087928466, "coverage": 23.830514659982523}