{"branches": 14.362439362439364, "coverage": 20.075887854614844}