{"branches": 16.761041902604756, "coverage": 28.57311320754717}