{"branches": 16.95176668536175, "coverage": 28.41654873335485}