{"branches": 17.82178217821782, "coverage": 23.701434198874217}