{"branches": 17.25555893999391, "coverage": 23.192243370231743}