{"branches": 14.142857142857142, "coverage": 19.422357746965076}