{"branches": 17.767441860465116, "coverage": 29.217698600958514}