{"branches": 17.947415216562938, "coverage": 29.30396091975481}