{"branches": 16.73278549164069, "coverage": 28.621893231713486}