{"branches": 17.435287116929484, "coverage": 23.758385397172717}