{"branches": 17.720505842804545, "coverage": 23.794205566875952}