{"branches": 13.990905911157746, "coverage": 19.03983885407341}