{"branches": 16.11522633744856, "coverage": 21.730461251285966}