{"branches": 14.57760989010989, "coverage": 20.239039435999118}