{"branches": 14.362253715865883, "coverage": 20.083459703574157}