{"branches": 18.351133107580097, "coverage": 29.956819143247102}