{"branches": 17.60077083667898, "coverage": 23.687099915062873}