{"branches": 17.790187475069803, "coverage": 29.23546216046095}