{"branches": 17.29185727355901, "coverage": 23.21272104508523}