{"branches": 17.875770507349458, "coverage": 23.867313915857604}