{"branches": 14.36761640027797, "coverage": 20.08949390419933}