{"branches": 17.276608722171392, "coverage": 23.197785566353353}