{"branches": 17.117630304756478, "coverage": 28.969197309190225}