{"branches": 17.301829268292682, "coverage": 23.282629295296992}