{"branches": 14.379764379764378, "coverage": 20.073401412589117}