{"branches": 16.775106082036775, "coverage": 28.40293647405473}