{"branches": 16.718573046432617, "coverage": 28.43745019251902}