{"branches": 16.089312099819406, "coverage": 21.626494591003986}