{"branches": 12.230989956958393, "coverage": 13.785313339250107}