{"branches": 13.723441309648207, "coverage": 18.743442641248297}