{"branches": 17.771847898599066, "coverage": 29.238523736056028}