{"branches": 16.17042276690245, "coverage": 21.704573115878375}