{"branches": 17.18394077448747, "coverage": 29.002081630245158}