{"branches": 17.640480849874194, "coverage": 29.32059518108104}