{"branches": 14.471855455177208, "coverage": 20.106149097288533}