{"branches": 14.219364058592355, "coverage": 19.413341925683838}