{"branches": 17.74647887323944, "coverage": 23.57497215753771}