{"branches": 16.969781757134864, "coverage": 28.386920845831575}