{"branches": 17.47919143876338, "coverage": 23.71806503987393}