{"branches": 16.19799375102779, "coverage": 21.733886326124676}