{"branches": 17.504461629982153, "coverage": 23.770013302326472}