{"branches": 14.41973592772759, "coverage": 20.10836978970043}