{"branches": 16.93774537296691, "coverage": 28.404962302720328}