{"branches": 16.914029683562028, "coverage": 28.37208917839813}