{"branches": 17.913861008766357, "coverage": 29.247991038436705}