{"branches": 16.742145485423155, "coverage": 28.57877347358484}