{"branches": 12.10545193687231, "coverage": 13.739208612362983}