{"branches": 16.099325768788027, "coverage": 21.68407020662075}