{"branches": 17.661251407431237, "coverage": 23.766718506998444}