{"branches": 17.270788912579956, "coverage": 23.207175280719916}