{"branches": 17.64516647900917, "coverage": 23.736651114567135}