{"branches": 17.81647689216343, "coverage": 29.256470740297928}