{"branches": 18.08188625139398, "coverage": 23.95125622441931}