{"branches": 15.391001162211523, "coverage": 21.413308102016735}