{"branches": 14.402362751911049, "coverage": 20.10392840487664}