{"branches": 13.957566193231633, "coverage": 18.933165846053768}