{"branches": 16.7044167610419, "coverage": 28.569022151099134}