{"branches": 12.642857142857142, "coverage": 14.28686496749324}