{"branches": 17.640480849874194, "coverage": 29.321420904001457}