{"branches": 17.901156142802694, "coverage": 29.236322336229765}