{"branches": 14.335300242971192, "coverage": 20.05306335409243}