{"branches": 17.896608662517465, "coverage": 29.302405177510188}