{"branches": 17.64516647900917, "coverage": 23.731467081389322}