{"branches": 14.377162629757786, "coverage": 20.087017170945565}