{"branches": 16.73272933182333, "coverage": 28.573955823631493}