{"branches": 17.933322799810398, "coverage": 23.8582063534382}