{"branches": 17.850906648757555, "coverage": 29.268470158304094}