{"branches": 14.41973592772759, "coverage": 20.120583597965847}