{"branches": 17.483660130718953, "coverage": 23.718260902779768}