{"branches": 17.123493975903614, "coverage": 23.113244745869643}