{"branches": 16.131687242798353, "coverage": 21.761218407627776}