{"branches": 16.746885617214044, "coverage": 28.563846814819804}