{"branches": 17.90931030102883, "coverage": 29.32496344005725}