{"branches": 16.098765432098766, "coverage": 21.714552377316068}