{"branches": 6.312769010043041, "coverage": 6.779700088751599}