{"branches": 16.775198187995468, "coverage": 28.439127918194096}