{"branches": 14.214285714285715, "coverage": 19.424659110522985}