{"branches": 17.634607752348195, "coverage": 29.097395762187528}