{"branches": 16.049382716049383, "coverage": 21.670007530200348}