{"branches": 17.704255587826744, "coverage": 28.997882632953647}