{"branches": 12.17718794835007, "coverage": 13.741513848707337}