{"branches": 17.49479321630467, "coverage": 23.81537398381787}