{"branches": 4.66284074605452, "coverage": 5.354034832924144}