{"branches": 16.789354473386183, "coverage": 28.46345494048268}