{"branches": 16.718573046432617, "coverage": 28.54952571900325}