{"branches": 18.054449928355357, "coverage": 23.945057326549776}