{"branches": 18.30857440708887, "coverage": 29.945324659775714}