{"branches": 16.746885617214044, "coverage": 28.558072938600187}