{"branches": 14.07563025210084, "coverage": 19.057432129737478}