{"branches": 17.972350230414747, "coverage": 23.988457178192313}