{"branches": 17.861234882240613, "coverage": 29.282048081873352}