{"branches": 17.5758419148344, "coverage": 29.24785353847167}