{"branches": 16.941801902630107, "coverage": 28.3522022973308}