{"branches": 16.761041902604756, "coverage": 28.531844290599157}