{"branches": 12.755284844141885, "coverage": 14.307935154566717}