{"branches": 17.6290815505871, "coverage": 23.721099015033698}