{"branches": 17.466467958271238, "coverage": 23.802664054471943}