{"branches": 14.431739431739432, "coverage": 20.0711838472541}