{"branches": 17.479916691460875, "coverage": 23.80097707051608}