{"branches": 12.159253945480632, "coverage": 13.78300810290575}