{"branches": 16.885842193620594, "coverage": 28.34890965732087}