{"branches": 17.933322799810398, "coverage": 23.864440139004213}