{"branches": 18.06020066889632, "coverage": 23.94431602410633}