{"branches": 17.774634606317775, "coverage": 23.72891707297212}